gene_edit,spawn_weight,substrate_weight_1,substrate_weight_2,substrate_weight_3,substrate_weight_4,additive_weight_1,additive_weight_2,additive_weight_3,water_absorption,bacteria,Temp_Growtent,Humidity_Growtent,Time_Growtent,CO2_conc,Temp_Press,Force_Press,Time_Ovendrying,Temp_Ovendrying,Vacc_Overdrying
5000.0,5000.0,5000.0,5000.0,5000.0,5000.0,5000.0,5000.0,5000.0,5000.0,5000.0,5000.0,5000.0,5000.0,5000.0,5000.0,5000.0,5000.0,5000.0,5000.0
0.4882,74.9966,222.781,224.9794,227.0738,225.169,300.6916,301.4818,297.8294,0.4500200000000001,0.4888,23.0216,0.7750100000000001,14.98,2504.9,77.538,45.0104,35.228,77.513,0.05102380000000001
0.4999107341800431,14.730824412692437,124.08829364579071,125.30225978369815,125.56491732666673,125.12214491939405,159.93566448042338,160.1808816673524,158.1023743268695,0.08737394600959864,0.49992453921465163,3.14965355293256,0.1019684236020268,6.073926120369192,1307.5427043063323,5.641358079770938,20.340035281361963,20.447308734571827,5.540394407805171,0.028391802557260964
0.0,50.0,0.0,0.0,0.0,0.0,0.0,0.0,0.0,0.3,0.0,18.0,0.6,5.0,500.0,70.0,10.0,5.0,70.0,0.001
0.0,62.0,130.0,128.0,130.0,129.0,183.0,185.0,180.0,0.37,0.0,20.0,0.69,10.0,1500.0,70.0,27.0,17.0,75.0,0.026
0.0,75.0,221.5,225.0,228.0,228.0,301.0,300.0,300.0,0.45,0.0,23.0,0.78,15.0,2500.0,80.0,45.0,41.0,80.0,0.051
1.0,88.0,303.0,306.0,308.0,308.0,404.0,403.0,398.25,0.53,1.0,26.0,0.86,20.0,3500.0,85.0,62.0,53.0,80.0,0.076
1.0,100.0,750.0,806.0,776.0,793.0,888.0,879.0,858.0,0.6,1.0,28.0,0.95,25.0,4500.0,85.0,80.0,65.0,85.0,0.1
