compressive_strength,compressive_strength_stdev,density,density_stdev,elastic_modulus,elastic_modulus_stdev,elongation_at_break,elongation_at_break_stdev,flexural_modulus,flexural_modulus_stdev,flexural_strenght,flexural_strenght_stdev,tensile_strength,tensile_strength_stdev,thermal_conductivity,thermal_conductivity_stdev,young_modulus,young_modulus_stdev
1000.0,1000.0,1000.0,1000.0,1000.0,1000.0,1000.0,1000.0,1000.0,1000.0,1000.0,1000.0,1000.0,1000.0,1000.0,1000.0,1000.0,1000.0
588.415,94.1464,0.26878,0.0456926,56.226,13.494240000000001,3.421,0.6842,45.532,7.285120000000001,0.4989,0.024945000000000002,11.1172,3.223988,5.08147,0.7622204999999999,250.514,20.04112
338.64201923593623,54.1827230777498,0.12854662903334274,0.021852926935668267,33.11893397722499,7.948544154533997,2.2862602620843466,0.4572520524168694,27.483855958331947,4.397416953333112,0.2678756191730545,0.01339378095865273,3.5891595431557826,1.040856267515177,2.8499914720031168,0.4274987208004674,141.81641548036566,11.345313238429252
0.0,0.0,0.05,0.0085,0.0,0.0,0.0,0.0,0.0,0.0,0.05,0.0025000000000000005,5.0,1.45,0.07,0.0105,0.0,0.0
292.5,46.800000000000004,0.15,0.025500000000000002,27.0,6.4799999999999995,1.0,0.2,22.0,3.52,0.25,0.0125,8.0,2.32,2.65,0.39749999999999996,132.0,10.56
591.5,94.64,0.27,0.0459,55.0,13.2,3.0,0.6000000000000001,45.0,7.2,0.505,0.02525,11.2,3.2479999999999998,5.06,0.7589999999999999,247.0,19.76
873.0,139.68,0.38,0.0646,85.25,20.46,5.0,1.0,69.0,11.040000000000001,0.74,0.037,14.2,4.117999999999999,7.485,1.1227500000000001,371.25,29.7
1200.0,192.0,0.5,0.085,115.0,27.599999999999998,7.0,1.4000000000000001,95.0,15.200000000000001,0.95,0.0475,17.5,5.074999999999999,10.0,1.5,500.0,40.0
