gene_edit,spawn_weight,substrate_weight_1,substrate_weight_2,substrate_weight_3,substrate_weight_4,water_absorption,bacteria,Temp_Growtent,Humidity_Growtent,Time_Growtent,CO2_conc,Temp_Press,Force_Press,Time_Ovendrying,Temp_Ovendrying,Vacc_Overdrying
5000.0,5000.0,5000.0,5000.0,5000.0,5000.0,5000.0,5000.0,5000.0,5000.0,5000.0,5000.0,5000.0,5000.0,5000.0,5000.0,5000.0
0.4994,74.9692,74.8816,249.1492,74.996,250.2548,0.449192,0.4972,23.0474,0.77376705141509,14.9404,2500.5,77.586,44.5206,34.8632,77.425,0.050276
0.5000496474651153,14.652262252560986,14.68062279254921,29.022188009165813,14.660810750922845,28.99890453539324,0.08644675670231285,0.5000421666556599,3.1656211825634313,0.10128648471911662,6.06146814882532,1284.6710964154183,5.582010011380617,20.445928270356603,20.436849530290736,5.554326701682374,0.028601059912626053
0.0,50.0,50.0,200.0,50.0,200.0,0.3,0.0,18.0,0.6000164709775092,5.0,500.0,70.0,10.0,5.0,70.0,0.001
0.0,62.0,62.0,224.0,62.0,225.0,0.37,0.0,20.0,0.6853219791780965,10.0,1500.0,75.0,27.0,17.0,70.0,0.026
0.0,75.0,75.0,249.0,75.0,250.0,0.45,0.0,23.0,0.7730942381856788,15.0,2500.0,80.0,45.0,29.0,75.0,0.05
1.0,87.0,87.0,274.0,88.0,276.0,0.52,1.0,26.0,0.8636405291197435,20.0,3500.0,85.0,62.0,53.0,80.0,0.075
1.0,100.0,100.0,300.0,100.0,300.0,0.6,1.0,28.0,0.9498766705032986,25.0,4500.0,85.0,80.0,65.0,85.0,0.1
